{"x": 0.8000000357453331, "y": 0.699999988079071}